"Probe Number","Probe Name","OS","Media","Test start time","Test duration","Connection start time","Connection duration","callSetupTime","score","sessionNumber","inSessionIdx","networking","firewall","browser","location","status","URL","reason","audioBitrate_In","audioBitrate_Out","audioBitrate_In_Max","audioBitrate_In_Min","audioBitrate_Out_Max","audioBitrate_Out_Min","audioPackets_In","audioPacketsLoss_In","audioPacketsLossPercent_In","audioPackets_Out","audioPacketsLoss_Out","audioPacketsLossPercent_Out","audioJitter_In","audioJitter_In_Max","audioJitter_Out","audioJitter_Out_Max","audioRoundtrip","audioRoundtrip_Max","videoBitrate_In","videoBitrate_Out","videoBitrate_In_Max","videoBitrate_In_Min","videoBitrate_Out_Max","videoBitrate_Out_Min","videoPackets_In","videoPacketsLoss_In","videoPacketsLossPercent_In","videoPackets_Out","videoPacketsLoss_Out","videoPacketsLossPercent_Out","videoJitter_In","videoJitter_In_Max","videoJitter_Out","videoJitter_Out_Max","videoRoundtrip","videoRoundtrip_Max"
"01","proud-wheel-01","Linux","VOA-VGA04 (480x640)","2021-03-23T19:30:47.526Z","342.905","2021-03-23T19:32:33.365Z","175.557",70.05,5.6,1,1,"No throttling","No Firewall","chrome:88.0.4324.96","East US","completed","app.testrtc.com/app/testIteration/605a41e74ef102001160dcaa","https:/www.staging.liviasaude.com.br/vendors~main-bdd68c069090be26c58d.js 1:938443 Uncaught TypeError: Cannot read property 'addEventListener' of null","143.31","29.60","33.48","12.55","67.30","13.30",30041,0,"0 %",8303,0,"0 %","12.49",52,"9.80","23.77","25.37",188,"4293.20","778.57","1268.60","303.05","2219.51","92.45",62333,0,"0 %",15842,1,"0.01 %","94.20","216.89","8.87","29.38","22.72",109
"02","proud-wheel-02","Linux","VOA-VGA (480x640)","2021-03-23T19:30:47.529Z","334.119","2021-03-23T19:33:35.916Z","112.58",4,5.6,1,2,"No throttling","No Firewall","chrome:88.0.4324.96","East US","completed","app.testrtc.com/app/testIteration/605a41e74ef102001160dcab","https:/www.staging.liviasaude.com.br/assetslv2/img/marca-delboni.svg - Failed to load resource: the server responded with a status of 502 (Bad Gateway)","28.42","27.95","34.39",19,"33.42","18.02",5258,0,"0 %",5356,0,"0 %","12.92",32,"7.92","13.17","18.59",27,"821.48","856.00","1361.78","152.74","1274.37","222.75",10551,0,"0 %",11546,0,"0 %","258.13","448.00","6.37","14.86","20.60",342
"03","proud-wheel-03","Linux","VOA-VGA04 (480x640)","2021-03-23T19:30:47.530Z","366.88","2021-03-23T19:32:39.786Z","182.876",59.33,5.9,2,1,"No throttling","No Firewall","chrome:88.0.4324.96","East US","completed","app.testrtc.com/app/testIteration/605a41e74ef102001160dcac","https:/www.staging.liviasaude.com.br/vendors~main-bdd68c069090be26c58d.js 1:938443 Uncaught TypeError: Cannot read property 'addEventListener' of null","120.84","60.87","33.61","13.18","92.70","15.22",18444,0,"0 %",15079,1,"0.01 %","13.61",29,"13.61","18.40","36.68",108,"3034.77","1690.28","1397.18","231.03","1637.26","200.78",39662,0,"0 %",30111,"1.50","0.01 %","1137.36","2429.00","9.53","26.69","31.73",129
"04","proud-wheel-04","Linux","VOA-VGA (480x640)","2021-03-23T19:30:47.531Z","330.779","2021-03-23T19:33:30.986Z","115.627",3.63,6,2,2,"No throttling","No Firewall","chrome:88.0.4324.96","East US","completed","app.testrtc.com/app/testIteration/605a41e74ef102001160dcad","https:/www.staging.liviasaude.com.br/assetslv2/img/logo-livia-azul.svg - Failed to load resource: the server responded with a status of 502 (Bad Gateway)","58.88","30.14","90.25",0,"32.95","7.75",10922,0,"0 %",5504,0,"0 %","16.08",35,"7.06","9.58","18.28",26,"1740.29","893.70","1600.82","197.57","1361.46","237.13",22958,0,"0 %",12144,0,"0 %","518.08","903.00","6.31","12.93","19.79",213
"05","proud-wheel-05","Linux","VOA-VGA04 (480x640)","2021-03-23T19:30:47.532Z","344.545","2021-03-23T19:32:35.192Z","171.395",63.7,5.6,3,1,"No throttling","No Firewall","chrome:88.0.4324.96","East US","completed","app.testrtc.com/app/testIteration/605a41e74ef102001160dcae","https:/www.staging.liviasaude.com.br/vendors~main-bdd68c069090be26c58d.js 1:938443 Uncaught TypeError: Cannot read property 'addEventListener' of null","117.10","59.69","119.13","6.76","94.87","14.23",24945,0,"0 %",15194,"1.50","0.02 %","13.35",23,"13.32","24.90","43.12",225,"3421.86","1573.36","4371.01","197.59","1732.27","109.32",50784,0,"0 %",28790,1,"0.01 %","6430.57","87232.31","9.57","23.67","35.15",153
"06","proud-wheel-06","Linux","VOA-VGA (480x640)","2021-03-23T19:30:47.533Z","327.122","2021-03-23T19:33:29.497Z","117.345",4,5.6,3,2,"No throttling","No Firewall","chrome:88.0.4324.96","East US","completed","app.testrtc.com/app/testIteration/605a41e74ef102001160dcaf","https:/www.staging.liviasaude.com.br/assetslv2/img/seta-link.svg - Failed to load resource: the server responded with a status of 502 (Bad Gateway)","57.49","28.37","37.02","12.69","33.31","17.93",10885,0,"0 %",5657,0,"0 %","15.14",34,"7.00","11.21","18.11",28,"1613.21","863.13","1610.28","249.51","1164.48","250.57",21660,0,"0 %",12154,0,"0 %","362.86","563.05","6.00","14.53","17.66",44
"07","proud-wheel-07","Linux","VOA-VGA04 (480x640)","2021-03-23T19:30:47.534Z","370.129","2021-03-23T19:32:35.415Z","199.652",83.05,5.5,4,1,"No throttling","No Firewall","chrome:88.0.4324.96","East US","completed","app.testrtc.com/app/testIteration/605a41e74ef102001160dcb0","https:/www.staging.liviasaude.com.br/vendors~main-bdd68c069090be26c58d.js 1:938443 Uncaught TypeError: Cannot read property 'addEventListener' of null","212.79","62.09","34.73","20.34","293.73","15.28",51382,0,"0 %",17553,"1.50","0.02 %","17.44",31,"15.14","34.27","56.61",217,"5028.52","1117.97","1177.55","269.17","3783.86","168.73",83057,0,"0 %",23337,1,"0.01 %","1344.94","2036.60","14.03","31.37","52.49",261
"08","proud-wheel-08","Linux","VOA-VGA (480x640)","2021-03-23T19:30:47.535Z","340.767","2021-03-23T19:33:42.723Z","131.414",4.08,5.2,4,2,"No throttling","No Firewall","chrome:88.0.4324.96","East US","completed","app.testrtc.com/app/testIteration/605a41e74ef102001160dcb1","https:/www.staging.liviasaude.com.br/vendors~main-bdd68c069090be26c58d.js 1:944575 Se","56.80","28.67","125.13",0,"33.73","18.01",12079,0,"0 %",6339,0,"0 %","18.47",53,"6.36","9.38","18.29",42,"865.36","835.67","1220.45","146.69","1122.77","277.48",14064,0,"0 %",13356,0,"0 %","520.81","852.47","6.01","13.03","17.62",32
"09","proud-wheel-09","Linux","VOA-VGA04 (480x640)","2021-03-23T19:30:47.536Z","361.011","2021-03-23T19:32:39.996Z","178.696",77.65,5.8,5,1,"No throttling","No Firewall","chrome:88.0.4324.96","East US","completed","app.testrtc.com/app/testIteration/605a41e74ef102001160dcb2","https:/www.staging.liviasaude.com.br/vendors~main-bdd68c069090be26c58d.js 1:938443 Uncaught TypeError: Cannot read property 'addEventListener' of null","147.93","29.23","34.14","18.21","53.13","3.19",31945,0,"0 %",8631,2,"0.02 %","8.71",17,"8.38","13.94","21.87",38,"4241.08","832.91","1052.14","336.40","1955.34","126.98",65045,0,"0 %",17638,0,"0 %","76.85","91.55","7.65","16.69","22.57",79
"10","proud-wheel-10","Linux","VOA-VGA (480x640)","2021-03-23T19:30:47.539Z","342.662","2021-03-23T19:33:48.273Z","108.938",2.02,6,5,2,"No throttling","No Firewall","chrome:88.0.4324.96","East US","completed","app.testrtc.com/app/testIteration/605a41e74ef102001160dcb3","https:/www.staging.liviasaude.com.br/vendors~main-bdd68c069090be26c58d.js 1:944575 Se","28.63","30.21","34.25","18.84","33.29","22.98",5233,0,"0 %",5334,0,"0 %","11.08",24,"5.19","7.17","16.82",25,"760.76","864.99","1347.23","259.53","1054.31","249.51",9771,0,"0 %",11403,0,"0 %","230.80","332.00","4.68","11.21","17.25",36
"11","proud-wheel-11","Linux","VOA-VGA04 (480x640)","2021-03-23T19:30:47.540Z","342.889","2021-03-23T19:32:29.800Z","178.125",72.33,5.8,6,1,"No throttling","No Firewall","chrome:88.0.4324.96","East US","completed","app.testrtc.com/app/testIteration/605a41e74ef102001160dcb4","https:/www.staging.liviasaude.com.br/vendors~main-bdd68c069090be26c58d.js 1:938443 Uncaught TypeError: Cannot read property 'addEventListener' of null","85.44","29.83","64.60","15.32","73.40","13.17",18372,0,"0 %",8455,0,"0 %","9.92",21,"9.84","20.10","19.84",49,"2654.89","844.26","2283.70","272.38","2255.84","154.25",39634,0,"0 %",17389,1,"0.01 %","18.38","194.78","7.54","19.66","21.32",82
"12","proud-wheel-12","Linux","VOA-VGA (480x640)","2021-03-23T19:30:47.541Z","333.376","2021-03-23T19:33:35.639Z","111.277",3.97,5.7,6,2,"No throttling","No Firewall","chrome:88.0.4324.96","East US","completed","app.testrtc.com/app/testIteration/605a41e74ef102001160dcb5","https:/www.staging.liviasaude.com.br/assetslv2/img/marca-delboni.svg - Failed to load resource: the server responded with a status of 502 (Bad Gateway)","28.96","27.76","33.37","20.48","34.10","10.60",5360,0,"0 %",5300,0,"0 %","9.84",25,"7.66","19.48","18.27",30,"889.71","879.20","1343.23","205.16","1340.59","281.13",11506,0,"0 %",11660,0,"0 %","210.70","339.00","6.08","12.58","18.37",53
"13","proud-wheel-13","Linux","VOA-VGA04 (480x640)","2021-03-23T19:30:47.542Z","367.464","2021-03-23T19:32:33.312Z","194.68",72.27,5.6,7,1,"No throttling","No Firewall","chrome:88.0.4324.96","East US","completed","app.testrtc.com/app/testIteration/605a41e74ef102001160dcb6","https:/www.staging.liviasaude.com.br/vendors~main-bdd68c069090be26c58d.js 1:938443 Uncaught TypeError: Cannot read property 'addEventListener' of null","117.93","59.83","111.10",0,"96.38","13.45",28174,0,"0 %",17211,2,"0.02 %","15.43",46,"15.68",28,"60.67",226,"3077.74","1402.07","1125.55","272.52","1549.80","95.78",51432,0,"0 %",29479,"0.50","0.00 %","2654.03","11527.03","11.27","40.63","45.41",398
"14","proud-wheel-14","Linux","VOA-VGA (480x640)","2021-03-23T19:30:47.543Z","339.227","2021-03-23T19:33:42.228Z","124.345",4,5.1,7,2,"No throttling","No Firewall","chrome:88.0.4324.96","East US","completed","app.testrtc.com/app/testIteration/605a41e74ef102001160dcb7","https:/www.staging.liviasaude.com.br/vendors~main-bdd68c069090be26c58d.js 1:944575 Se","54.51","28.35","114.77",0,"34.56","4.65",11321,0,"0 %",5923,1,"0.02 %","19.63",65,"7.03","11.56","17.22",32,"1209.45","749.98","1244.33","132.92","1104.11","250.78",17733,0,"0 %",11431,1,"0.01 %","440.58","891.33","6.44","29.76","19.09",41
"15","proud-wheel-15","Linux","VOA-VGA04 (480x640)","2021-03-23T19:30:47.544Z","344.528","2021-03-23T19:32:30.685Z","177.277",83.25,5.7,8,1,"No throttling","No Firewall","chrome:88.0.4324.96","East US","completed","app.testrtc.com/app/testIteration/605a41e74ef102001160dcb8","https:/www.staging.liviasaude.com.br/vendors~main-bdd68c069090be26c58d.js 1:938443 Uncaught TypeError: Cannot read property 'addEventListener' of null","178.37","59.37","33.98","12.88","200.90","17.04",35677,0,"0 %",15061,0,"0 %","16.47",27,"15.23","27.90","48.43",115,"4931.62","1366.50","1155.75","294.66","2472.63","127.20",68316,0,"0 %",24840,"0.50","0.00 %","1373.37","2237.33","12.52","24.77","48.49",457
"16","proud-wheel-16","Linux","VOA-VGA (480x640)","2021-03-23T19:30:47.545Z","330.419","2021-03-23T19:33:36.043Z","100.537",4.28,5.5,8,2,"No throttling","No Firewall","chrome:88.0.4324.96","East US","completed","app.testrtc.com/app/testIteration/605a41e74ef102001160dcb9","https:/www.staging.liviasaude.com.br/assetslv2/img/img-consultas-mobile-maior.jpg - Failed to load resource: the server responded with a status of 502 (Bad Gateway)","55.12","29.58","33.75","16.32","33.95","19.98",9306,0,"0 %",4826,0,"0 %","12.09",23,"6.72","9.73","17.75",40,"1311.31","793.75","1446.27",261,"1111.99","271.76",15165,0,"0 %",9631,0,"0 %","225.95","314.00","6.11","14.44","17.38",32
"17","proud-wheel-17","Linux","VOA-VGA04 (480x640)","2021-03-23T19:30:47.546Z","367.047","2021-03-23T19:32:29.882Z","194.48",78.63,5.9,9,1,"No throttling","No Firewall","chrome:88.0.4324.96","East US","completed","app.testrtc.com/app/testIteration/605a41e74ef102001160dcba","https:/www.staging.liviasaude.com.br/vendors~main-bdd68c069090be26c58d.js 1:938443 Uncaught TypeError: Cannot read property 'addEventListener' of null","124.32","57.44","165.92","12.05","78.02","13.82",29705,0,"0 %",17197,2,"0.02 %","12.46",24,"13.17","25.08","41.95",108,"3695.03","1557.38","5126.66","165.61","1773.02","124.38",62778,0,"0 %",31920,"0.50","0.00 %","248.98","884.00","9.90","42.52","42.55",260
"18","proud-wheel-18","Linux","VOA-VGA (480x640)","2021-03-23T19:30:47.546Z","317.455","2021-03-23T19:33:15.889Z","141.402",5.13,5.4,9,2,"No throttling","No Firewall","chrome:88.0.4324.96","East US","completed","app.testrtc.com/app/testIteration/605a41e74ef102001160dcbb","https:/www.staging.liviasaude.com.br/vendors~main-bdd68c069090be26c58d.js 1:944575 Se","53.29","28.77","107.79",0,"33.78","19.60",13354,0,"0 %",6753,2,"0.03 %","15.54",39,"6.86","12.13","19.10",31,"1579.30","912.09","1833.11","212.63","1122.68","297.93",26096,0,"0 %",15210,0,"0 %","444.92","1151.45","5.40","16.28","18.89",41
"19","proud-wheel-19","Linux","VOA-VGA04 (480x640)","2021-03-23T19:30:47.547Z","361.004","2021-03-23T19:32:28.006Z","196.676",79.35,5.6,10,1,"No throttling","No Firewall","chrome:88.0.4324.96","East US","completed","app.testrtc.com/app/testIteration/605a41e74ef102001160dcbc","https:/www.staging.liviasaude.com.br/vendors~main-bdd68c069090be26c58d.js 1:938443 Uncaught TypeError: Cannot read property 'addEventListener' of null","114.44","58.22","33.67","18.68","77.06","10.05",29462,0,"0 %",18108,1,"0.01 %","9.26",17,"9.57","16.81","23.93",69,"3313.45","1655.97","1133.11","268.44","1391.66",48,58947,0,"0 %",36896,"0.50","0.00 %","152.17","377.55","8.22","33.10","25.61",190
"20","proud-wheel-20","Linux","VOA-VGA (480x640)","2021-03-23T19:30:47.550Z","339.923","2021-03-23T19:33:42.755Z","121.766",3.77,5.8,10,2,"No throttling","No Firewall","chrome:88.0.4324.96","East US","completed","app.testrtc.com/app/testIteration/605a41e74ef102001160dcbd","https:/www.staging.liviasaude.com.br/vendors~main-bdd68c069090be26c58d.js 1:944575 Se","56.57","30.05","33.48","19.45","33.20","18.05",11576,0,"0 %",5920,0,"0 %","11.41",27,"5.55","8.13","16.58",24,"1620.88","868.45","1427.71","135.29","1092.98","238.38",23191,0,"0 %",12585,2,"0.02 %","244.87","310.52","5.07","8.76","17.22",39
"21","proud-wheel-21","Linux","VOA-VGA04 (480x640)","2021-03-23T19:30:47.551Z","342.882","2021-03-23T19:32:35.322Z","173.6",66.11,5.5,11,1,"No throttling","No Firewall","chrome:88.0.4324.96","East US","completed","app.testrtc.com/app/testIteration/605a41e74ef102001160dcbe","https:/www.staging.liviasaude.com.br/vendors~main-bdd68c069090be26c58d.js 1:938443 Uncaught TypeError: Cannot read property 'addEventListener' of null","176.89","29.17","34.13","8.96","88.85","3.53",38890,0,"0 %",7695,0,"0 %","11.27",51,"9.53","13.58","31.72",111,"4652.48","789.95","1496.95","237.34","3303.53","91.65",72681,0,"0 %",14271,0,"0 %","99.39","126.21","9.20","23.70","27.03",161
"22","proud-wheel-22","Linux","VOA-VGA (480x640)","2021-03-23T19:30:47.552Z","313.1","2021-03-23T19:33:15.299Z","132.866",2.87,5.8,11,2,"No throttling","No Firewall","chrome:88.0.4324.96","East US","completed","app.testrtc.com/app/testIteration/605a41e74ef102001160dcbf","https:/www.staging.liviasaude.com.br/vendors~main-bdd68c069090be26c58d.js 1:944575 Se","27.41","29.69","35.32","15.41","33.44","12.06",6242,0,"0 %",6401,0,"0 %","16.16",36,"6.75","11.96","34.41",429,"779.64","840.72","1718.49","213.85","1418.63","260.20",12020,0,"0 %",13461,0,"0 %","332.23","493.00","6.01","10.21","18.27",38
"23","proud-wheel-23","Linux","VOA-VGA04 (480x640)","2021-03-23T19:30:47.553Z","367.745","2021-03-23T19:32:33.523Z","194.238",75.59,5.2,12,1,"No throttling","No Firewall","chrome:88.0.4324.96","East US","completed","app.testrtc.com/app/testIteration/605a41e74ef102001160dcc0","https:/www.staging.liviasaude.com.br/vendors~main-bdd68c069090be26c58d.js 1:938443 Uncaught TypeError: Cannot read property 'addEventListener' of null","120.80","57.98","216.59",0,"93.66","15.27",28120,0,"0 %",16731,"0.50","0.01 %","15.53",50,"15.48","30.58","51.50",161,"3120.65","1377.14","6994.49","212.48","1574.59","189.81",51755,0,"0 %",27895,"0.50","0.00 %","1990.57","3079.72","11.65","30.93","42.27",366
"24","proud-wheel-24","Linux","VOA-VGA (480x640)","2021-03-23T19:30:47.553Z","330.742","2021-03-23T19:33:33.423Z","134.742",2.84,5.3,12,2,"No throttling","No Firewall","chrome:88.0.4324.96","East US","completed","app.testrtc.com/app/testIteration/605a41e74ef102001160dcc1","https:/www.staging.liviasaude.com.br/assetslv2/img/logo-livia-azul.svg - Failed to load resource: the server responded with a status of 502 (Bad Gateway)","55.86","29.57","149.66",0,"33.04","11.04",12552,0,"0 %",6528,0,"0 %","18.30",69,"7.80","48.63","18.63",46,"1273.30","849.07","1639.10","187.77","1160.20","267.50",20345,0,"0 %",13937,1,"0.01 %","439.86","850.70","6.12","13.03","18.43",38
"25","proud-wheel-25","Linux","VOA-VGA04 (480x640)","2021-03-23T19:30:47.554Z","344.946","2021-03-23T19:32:29.152Z","177.411",41.56,5.7,13,1,"No throttling","No Firewall","chrome:88.0.4324.96","East US","failure","app.testrtc.com/app/testIteration/605a41e74ef102001160dcc2","Error while running .clickElement) protocol action: stale element reference: element is not attached to the page document","215.20","61.31","36.37","21.78","165.93","13.57",49744,0,"0 %",15587,1,"0.01 %","17.53",28,"17.18","30.33","89.08",307,"5042.64","1115.86","1161.73","334.91","1571.10","137.73",82493,0,"0 %",20448,19,"0.19 %","1303.00","2252.80","15.14","41.93","62.48",368
"26","proud-wheel-26","Linux","VOA-VGA (480x640)","2021-03-23T19:30:47.555Z","303.131","2021-03-23T19:33:05.057Z","139.78",3,5.5,13,2,"No throttling","No Firewall","chrome:88.0.4324.96","East US","completed","app.testrtc.com/app/testIteration/605a41e74ef102001160dcc3","https:/www.staging.liviasaude.com.br/vendors~main-bdd68c069090be26c58d.js 1:944575 Se","55.70","30.46","39.66","13.33","32.95","18.82",13036,0,"0 %",6815,0,"0 %","19.38",42,"6.37","10.29","16.33",27,"1035.15","873.03","1096.18","142.20","1134.27","255.55",17209,0,"0 %",14791,0,"0 %","365.19","587.10","5.37","9.31","17.65",38
"27","proud-wheel-27","Linux","VOA-VGA04 (480x640)","2021-03-23T19:30:47.556Z","369.908","2021-03-23T19:32:21.397Z","211.865",64.3,5.9,14,1,"No throttling","No Firewall","chrome:88.0.4324.96","East US","completed","app.testrtc.com/app/testIteration/605a41e74ef102001160dcc4","https:/www.staging.liviasaude.com.br/vendors~main-bdd68c069090be26c58d.js 1:938443 Uncaught TypeError: Cannot read property 'addEventListener' of null","212.66","62.94","35.17","16.28","157.90","14.84",57575,"3.71","0.05 %",18783,"2.50","0.03 %","18.08",29,"17.70","27.21","90.00",566,"5677.55","1364.74","1328.19","399.55","1875.02","158.60",105497,0,"0 %",29224,"1.50","0.01 %","1318.18","2139.58","12.64","31.59","66.36",466
"28","proud-wheel-28","Linux","VOA-VGA (480x640)","2021-03-23T19:30:47.557Z","317.457","2021-03-23T19:33:16.042Z","154.312",4.84,5.4,14,2,"No throttling","No Firewall","chrome:88.0.4324.96","East US","completed","app.testrtc.com/app/testIteration/605a41e74ef102001160dcc5","No errors","56.00","28.84","312.81",0,"33.77","16.49",14170,0,"0 %",7440,0,"0 %","21.53",72,"6.72","13.77","16.94",28,"1206.69","893.03","1731.66","134.74","1193.27","257.75",21695,0,"0 %",16375,0,"0 %","364.83","691.47","5.50","12.28","17.64",35
"29","proud-wheel-29","Linux","VOA-VGA04 (480x640)","2021-03-23T19:30:47.623Z","576.328","No data","NaN",NaN,0,15,1,"No throttling","No Firewall","chrome:88.0.4324.96","East US","failure","app.testrtc.com/app/testIteration/605a41e74ef102001160dcc6"," Timed out while waiting for element <a.video-attendance-card__link> to be present for 500000 milliseconds. - expected ""visible"" but got: ""not found"" (500097ms), waitForElementVisible ('a.video-attendance-card__link', 500000) (Line:53)",0,0,0,0,0,0,0,0,"0 %",0,0,"0 %",0,0,0,0,0,0,0,0,0,0,0,0,0,0,"0 %",0,0,"0 %",0,0,0,0,0,0
"30","proud-wheel-30","Linux","VOA-VGA (480x640)","2021-03-23T19:30:47.624Z","681.32","No data","NaN",NaN,0,15,2,"No throttling","No Firewall","chrome:88.0.4324.96","East US","failure","app.testrtc.com/app/testIteration/605a41e74ef102001160dcc7"," Timed out while waiting for element <div.card-in-call__body  div.card-in-call__content  div.card-in-call__timer> to be present for 500000 milliseconds. - expected ""visible"" but got: ""not found"" (500255ms), waitForElementVisible ('div.card-in-call__body  div.card-in-call__content  div.card-in-call__timer', 500000) (Line:214)",0,0,0,0,0,0,0,0,"0 %",0,0,"0 %",0,0,0,0,0,0,0,0,0,0,0,0,0,0,"0 %",0,0,"0 %",0,0,0,0,0,0
"31","proud-wheel-31","Linux","VOA-VGA04 (480x640)","2021-03-23T19:30:47.625Z","342.8","2021-03-23T19:32:38.075Z","184.847",62.02,5.9,16,1,"No throttling","No Firewall","chrome:88.0.4324.96","East US","failure","app.testrtc.com/app/testIteration/605a41e74ef102001160dcc8","Error while running .clickElement) protocol action: stale element reference: element is not attached to the page document","117.47","30.40","66.79","18.70","67.07","11.23",26043,0,"0 %",8017,0,"0 %","11.19",53,"9.40","16.96","22.15",64,"3479.38","786.37","2111.45","203.06","2104.82","100.43",54617,0,"0 %",15525,0,"0 %","425.48","869.00","8.06","19.42","22.17",87
"32","proud-wheel-32","Linux","VOA-VGA (480x640)","2021-03-23T19:30:47.626Z","332.973","2021-03-23T19:33:35.060Z","127.653",3.11,5.7,16,2,"No throttling","No Firewall","chrome:88.0.4324.96","East US","completed","app.testrtc.com/app/testIteration/605a41e74ef102001160dcc9","https:/www.staging.liviasaude.com.br/assetslv2/img/img-exames-mobile.jpg - Failed to load resource: the server responded with a status of 502 (Bad Gateway)","29.31","27.46","41.84","10.38","33.29","13.48",6015,0,"0 %",6139,2,"0.03 %","14.77",33,"7.16","11.96","19.26",31,"944.58","878.73","1721.88","255.63","1391.75","243.62",13531,0,"0 %",13486,1,"0.01 %","295.65","384.07","6.16","15.14","20.57",108
"33","proud-wheel-33","Linux","VOA-VGA04 (480x640)","2021-03-23T19:30:47.626Z","366.787","2021-03-23T19:32:47.822Z","175.85",54.02,5.7,17,1,"No throttling","No Firewall","chrome:88.0.4324.96","East US","completed","app.testrtc.com/app/testIteration/605a41e74ef102001160dcca","https:/www.staging.liviasaude.com.br/vendors~main-bdd68c069090be26c58d.js 1:938443 Uncaught TypeError: Cannot read property 'addEventListener' of null","89.29","30.34","134.45","6.85","125.86","6.55",19713,0,"0 %",8363,0,"0 %","10.86",24,"9.75","15.29","24.26",47,"2625.73","821.77","4576.45","270.50","4258.20","153.70",41367,0,"0 %",16205,0,"0 %","40.92","477.92","8.19","25.48","26.68",101
"34","proud-wheel-34","Linux","VOA-VGA (480x640)","2021-03-23T19:30:47.628Z","332.43","2021-03-23T19:33:36.364Z","126.976",3.21,5.8,17,2,"No throttling","No Firewall","chrome:88.0.4324.96","East US","completed","app.testrtc.com/app/testIteration/605a41e74ef102001160dccb","https:/www.staging.liviasaude.com.br/assetslv2/js/jquery.min.js - Failed to load resource: the server responded with a status of 502 (Bad Gateway)","28.15","29.21","52.62","9.38","35.13","6.57",6047,0,"0 %",6125,0,"0 %","13.04",30,"6.94","24.60","17.74",35,"841.70","871.28","1537.09","195.64","1314.08","270.20",12431,0,"0 %",13355,1,"0.01 %","290.08","465.00","5.90","13.17","19.10",49
"35","proud-wheel-35","Linux","VOA-VGA04 (480x640)","2021-03-23T19:30:47.628Z","344.794","2021-03-23T19:32:22.649Z","182.331",34.58,5.6,18,1,"No throttling","No Firewall","chrome:88.0.4324.96","East US","completed","app.testrtc.com/app/testIteration/605a41e74ef102001160dccc","https:/www.staging.liviasaude.com.br/vendors~main-bdd68c069090be26c58d.js 1:938443 Uncaught TypeError: Cannot read property 'addEventListener' of null","209.41","61.36","35.91","0.67","37.75","16.83",51222,0,"0 %",15599,0,"0 %","18.38",29,"19.69","32.81","83.65",238,"5151.95","1256.54","1158.22","22.66","1264.81","181.23",88942,0,"0 %",22464,"0.50","0.00 %","1387.47","2008.14","15.25","45.84","71.68",332
"36","proud-wheel-36","Linux","VOA-VGA (480x640)","2021-03-23T19:30:47.629Z","279.569","2021-03-23T19:32:41.063Z","155.599",3.06,5.4,18,2,"No throttling","No Firewall","chrome:88.0.4324.96","East US","completed","app.testrtc.com/app/testIteration/605a41e74ef102001160dccd","No errors","56.31","29.29","39.56","17.02","33.55","18.69",14412,0,"0 %",7579,0,"0 %","19.26",54,"6.18","10.44","18.19",37,"1149.90","833.64","1366.38","116.80","1148.56","253.41",20611,0,"0 %",15889,0,"0 %","261.04","490.36","5.63","13.67","17.24",42
"37","proud-wheel-37","Linux","VOA-VGA04 (480x640)","2021-03-23T19:30:47.630Z","367.379","2021-03-23T19:32:55.968Z","175.472",54.26,5.6,19,1,"No throttling","No Firewall","chrome:88.0.4324.96","East US","completed","app.testrtc.com/app/testIteration/605a41e74ef102001160dcce","https:/www.staging.liviasaude.com.br/vendors~main-bdd68c069090be26c58d.js 1:938443 Uncaught TypeError: Cannot read property 'addEventListener' of null","118.69","59.86","125.95","9.57","73.05","16.14",26924,0,"0 %",15647,0,"0 %","15.11",27,"14.74","26.35","48.69",195,"3535.16","1614.68","4651.95","229.38",2174,"143.21",55226,0,"0 %",29619,"0.50","0.00 %","108.35","653.06","12.05","38.13","57.94",325
"38","proud-wheel-38","Linux","VOA-VGA (480x640)","2021-03-23T19:30:47.630Z","341.258","2021-03-23T19:33:42.527Z","128.885",4.53,5.6,19,2,"No throttling","No Firewall","chrome:88.0.4324.96","East US","completed","app.testrtc.com/app/testIteration/605a41e74ef102001160dccf","https:/www.staging.liviasaude.com.br/vendors~main-bdd68c069090be26c58d.js 1:944575 Se","56.75","28.30","50.90","14.73","33.51","18.08",11917,0,"0 %",6168,0,"0 %","17.41",40,"7.03","10.50","15.97",22,"1631.68","891.48","1694.34","160.01","1155.55","272.99",23572,0,"0 %",13635,0,"0 %","314.99","445.00","5.64","10.30","17.70",35
"39","proud-wheel-39","Linux","VOA-VGA04 (480x640)","2021-03-23T19:30:47.630Z","360.914","2021-03-23T19:32:38.463Z","180.488",76.06,5.9,20,1,"No throttling","No Firewall","chrome:88.0.4324.96","East US","completed","app.testrtc.com/app/testIteration/605a41e74ef102001160dcd0","https:/www.staging.liviasaude.com.br/vendors~main-bdd68c069090be26c58d.js 1:938443 Uncaught TypeError: Cannot read property 'addEventListener' of null","148.73","30.35","34.56","18.61","97.80","6.89",32691,0,"0 %",8633,0,"0 %","9.42",19,"8.57","16.92","23.22",142,"4493.19","769.89","1135.22","317.53","3091.03","179.55",69791,0,"0 %",15913,0,"0 %","73.22","103.00","8.51","22.33","21.65",63
"40","proud-wheel-40","Linux","VOA-VGA (480x640)","2021-03-23T19:30:47.635Z","339.724","2021-03-23T19:33:43.449Z","115.856",3.17,5.9,20,2,"No throttling","No Firewall","chrome:88.0.4324.96","East US","completed","app.testrtc.com/app/testIteration/605a41e74ef102001160dcd1","https:/www.staging.liviasaude.com.br/assetslv2/img/img-exames-desktop.jpg - Failed to load resource: the server responded with a status of 502 (Bad Gateway)","28.59","28.77","80.84",0,"34.28","18.26",5563,0,"0 %",5672,0,"0 %","10.62",30,"5.46","7.63","17.94",37,"895.50","890.77","1610.30","262.70","1110.54","283.25",11971,0,"0 %",12412,1,"0.01 %","275.23","693.95","4.94","8.66","15.88",26